<?xml version="1.0" encoding="UTF-8"?>  
<beans  
    xmlns="http://www.springframework.org/schema/beans"  
    xmlns:xsi="http://www.w3.org/2001/XMLSchema-instance"  
    xmlns:p="http://www.springframework.org/schema/p"  
    xsi:schemaLocation="http://www.springframework.org/schema/beans  
                http://www.springframework.org/schema/beans/spring-beans-3.0.xsd">  
                
//constructor injection                
<bean id="a1" class="co.SpringIOC.Address">             
 <constructor-arg value="Moradabad"></constructor-arg>
   <constructor-arg value="Uttar Pradesh"></constructor-arg>
 </bean>
 
 <bean id="a2" class="co.SpringIOC.Address">             
 <constructor-arg value="Delhi"></constructor-arg>
   <constructor-arg value="Delhi"></constructor-arg>
 </bean>
 
  
<bean id="e1" class="co.SpringIOC.Employee">  
<constructor-arg value="10" type="int"></constructor-arg> 
<constructor-arg value="Radhika"></constructor-arg>
<constructor-arg value="30000" type="int"></constructor-arg>
<constructor-arg>
<ref bean="a1"></ref>
</constructor-arg> 
</bean>  
  
  
  <bean id="e2" class="co.SpringIOC.Employee">  
<constructor-arg value="20" type="int"></constructor-arg> 
<constructor-arg value="Radhika1"></constructor-arg>
<constructor-arg value="300000" type="int"></constructor-arg> 
<constructor-arg>
<ref bean="a2"></ref>
</constructor-arg>
</bean> 

</beans>  